property_id,year,co2_emission_metric_tons
01653bc6-d8f6-397c-aad3-2ceb0dfd12f6,2024,361.59
01653bc6-d8f6-397c-aad3-2ceb0dfd12f6,2025,441.87
01653bc6-d8f6-397c-aad3-2ceb0dfd12f6,2026,539.96
01653bc6-d8f6-397c-aad3-2ceb0dfd12f6,2027,659.83
01653bc6-d8f6-397c-aad3-2ceb0dfd12f6,2028,806.31
01653bc6-d8f6-397c-aad3-2ceb0dfd12f6,2029,985.32
01653bc6-d8f6-397c-aad3-2ceb0dfd12f6,2030,1204.06
01653bc6-d8f6-397c-aad3-2ceb0dfd12f6,2031,1471.36
01653bc6-d8f6-397c-aad3-2ceb0dfd12f6,2032,1798.0
01653bc6-d8f6-397c-aad3-2ceb0dfd12f6,2033,2197.15
01653bc6-d8f6-397c-aad3-2ceb0dfd12f6,2034,2684.92
1253b741-9d3a-3d61-9600-3a2be08dffb2,2024,361.59
1253b741-9d3a-3d61-9600-3a2be08dffb2,2025,441.87
1253b741-9d3a-3d61-9600-3a2be08dffb2,2026,539.96
1253b741-9d3a-3d61-9600-3a2be08dffb2,2027,659.83
1253b741-9d3a-3d61-9600-3a2be08dffb2,2028,806.31
1253b741-9d3a-3d61-9600-3a2be08dffb2,2029,985.32
1253b741-9d3a-3d61-9600-3a2be08dffb2,2030,1204.06
1253b741-9d3a-3d61-9600-3a2be08dffb2,2031,1471.36
1253b741-9d3a-3d61-9600-3a2be08dffb2,2032,1798.0
1253b741-9d3a-3d61-9600-3a2be08dffb2,2033,2197.15
1253b741-9d3a-3d61-9600-3a2be08dffb2,2034,2684.92
142a5080-444d-31a4-a1a1-da9f400ae519,2024,361.59
142a5080-444d-31a4-a1a1-da9f400ae519,2025,441.87
142a5080-444d-31a4-a1a1-da9f400ae519,2026,539.96
142a5080-444d-31a4-a1a1-da9f400ae519,2027,659.83
142a5080-444d-31a4-a1a1-da9f400ae519,2028,806.31
142a5080-444d-31a4-a1a1-da9f400ae519,2029,985.32
142a5080-444d-31a4-a1a1-da9f400ae519,2030,1204.06
142a5080-444d-31a4-a1a1-da9f400ae519,2031,1471.36
142a5080-444d-31a4-a1a1-da9f400ae519,2032,1798.0
142a5080-444d-31a4-a1a1-da9f400ae519,2033,2197.15
142a5080-444d-31a4-a1a1-da9f400ae519,2034,2684.92
15b01851-7d57-3f0f-97d3-9071e4030121,2024,361.59
15b01851-7d57-3f0f-97d3-9071e4030121,2025,441.87
15b01851-7d57-3f0f-97d3-9071e4030121,2026,539.96
15b01851-7d57-3f0f-97d3-9071e4030121,2027,659.83
15b01851-7d57-3f0f-97d3-9071e4030121,2028,806.31
15b01851-7d57-3f0f-97d3-9071e4030121,2029,985.32
15b01851-7d57-3f0f-97d3-9071e4030121,2030,1204.06
15b01851-7d57-3f0f-97d3-9071e4030121,2031,1471.36
15b01851-7d57-3f0f-97d3-9071e4030121,2032,1798.0
15b01851-7d57-3f0f-97d3-9071e4030121,2033,2197.15
15b01851-7d57-3f0f-97d3-9071e4030121,2034,2684.92
1ae7163f-03ff-3c8e-9597-c09f5f5f0698,2024,361.59
1ae7163f-03ff-3c8e-9597-c09f5f5f0698,2025,441.87
1ae7163f-03ff-3c8e-9597-c09f5f5f0698,2026,539.96
1ae7163f-03ff-3c8e-9597-c09f5f5f0698,2027,659.83
1ae7163f-03ff-3c8e-9597-c09f5f5f0698,2028,806.31
1ae7163f-03ff-3c8e-9597-c09f5f5f0698,2029,985.32
1ae7163f-03ff-3c8e-9597-c09f5f5f0698,2030,1204.06
1ae7163f-03ff-3c8e-9597-c09f5f5f0698,2031,1471.36
1ae7163f-03ff-3c8e-9597-c09f5f5f0698,2032,1798.0
1ae7163f-03ff-3c8e-9597-c09f5f5f0698,2033,2197.15
1ae7163f-03ff-3c8e-9597-c09f5f5f0698,2034,2684.92
1f8c3e38-8fd9-35a9-b1f2-fd1b45308a79,2024,361.59
1f8c3e38-8fd9-35a9-b1f2-fd1b45308a79,2025,441.87
1f8c3e38-8fd9-35a9-b1f2-fd1b45308a79,2026,539.96
1f8c3e38-8fd9-35a9-b1f2-fd1b45308a79,2027,659.83
1f8c3e38-8fd9-35a9-b1f2-fd1b45308a79,2028,806.31
1f8c3e38-8fd9-35a9-b1f2-fd1b45308a79,2029,985.32
1f8c3e38-8fd9-35a9-b1f2-fd1b45308a79,2030,1204.06
1f8c3e38-8fd9-35a9-b1f2-fd1b45308a79,2031,1471.36
1f8c3e38-8fd9-35a9-b1f2-fd1b45308a79,2032,1798.0
1f8c3e38-8fd9-35a9-b1f2-fd1b45308a79,2033,2197.15
1f8c3e38-8fd9-35a9-b1f2-fd1b45308a79,2034,2684.92
21ba6e43-b7cb-371d-a757-13ea2051492f,2024,361.59
21ba6e43-b7cb-371d-a757-13ea2051492f,2025,441.87
21ba6e43-b7cb-371d-a757-13ea2051492f,2026,539.96
21ba6e43-b7cb-371d-a757-13ea2051492f,2027,659.83
21ba6e43-b7cb-371d-a757-13ea2051492f,2028,806.31
21ba6e43-b7cb-371d-a757-13ea2051492f,2029,985.32
21ba6e43-b7cb-371d-a757-13ea2051492f,2030,1204.06
21ba6e43-b7cb-371d-a757-13ea2051492f,2031,1471.36
21ba6e43-b7cb-371d-a757-13ea2051492f,2032,1798.0
21ba6e43-b7cb-371d-a757-13ea2051492f,2033,2197.15
21ba6e43-b7cb-371d-a757-13ea2051492f,2034,2684.92
22752379-20b4-3726-b27c-caef122b97de,2024,361.59
22752379-20b4-3726-b27c-caef122b97de,2025,441.87
22752379-20b4-3726-b27c-caef122b97de,2026,539.96
22752379-20b4-3726-b27c-caef122b97de,2027,659.83
22752379-20b4-3726-b27c-caef122b97de,2028,806.31
22752379-20b4-3726-b27c-caef122b97de,2029,985.32
22752379-20b4-3726-b27c-caef122b97de,2030,1204.06
22752379-20b4-3726-b27c-caef122b97de,2031,1471.36
22752379-20b4-3726-b27c-caef122b97de,2032,1798.0
22752379-20b4-3726-b27c-caef122b97de,2033,2197.15
22752379-20b4-3726-b27c-caef122b97de,2034,2684.92
22ef5a4d-0f78-3662-869a-e8a00829e045,2024,361.59
22ef5a4d-0f78-3662-869a-e8a00829e045,2025,441.87
22ef5a4d-0f78-3662-869a-e8a00829e045,2026,539.96
22ef5a4d-0f78-3662-869a-e8a00829e045,2027,659.83
22ef5a4d-0f78-3662-869a-e8a00829e045,2028,806.31
22ef5a4d-0f78-3662-869a-e8a00829e045,2029,985.32
22ef5a4d-0f78-3662-869a-e8a00829e045,2030,1204.06
22ef5a4d-0f78-3662-869a-e8a00829e045,2031,1471.36
22ef5a4d-0f78-3662-869a-e8a00829e045,2032,1798.0
22ef5a4d-0f78-3662-869a-e8a00829e045,2033,2197.15
22ef5a4d-0f78-3662-869a-e8a00829e045,2034,2684.92
29cb5cbf-f53d-3b5c-baf6-1b66656e03b5,2024,361.59
29cb5cbf-f53d-3b5c-baf6-1b66656e03b5,2025,441.87
29cb5cbf-f53d-3b5c-baf6-1b66656e03b5,2026,539.96
29cb5cbf-f53d-3b5c-baf6-1b66656e03b5,2027,659.83
29cb5cbf-f53d-3b5c-baf6-1b66656e03b5,2028,806.31
29cb5cbf-f53d-3b5c-baf6-1b66656e03b5,2029,985.32
29cb5cbf-f53d-3b5c-baf6-1b66656e03b5,2030,1204.06
29cb5cbf-f53d-3b5c-baf6-1b66656e03b5,2031,1471.36
29cb5cbf-f53d-3b5c-baf6-1b66656e03b5,2032,1798.0
29cb5cbf-f53d-3b5c-baf6-1b66656e03b5,2033,2197.15
29cb5cbf-f53d-3b5c-baf6-1b66656e03b5,2034,2684.92
2d291466-2ebc-398e-94dc-5dbb08495b1a,2024,361.59
2d291466-2ebc-398e-94dc-5dbb08495b1a,2025,441.87
2d291466-2ebc-398e-94dc-5dbb08495b1a,2026,539.96
2d291466-2ebc-398e-94dc-5dbb08495b1a,2027,659.83
2d291466-2ebc-398e-94dc-5dbb08495b1a,2028,806.31
2d291466-2ebc-398e-94dc-5dbb08495b1a,2029,985.32
2d291466-2ebc-398e-94dc-5dbb08495b1a,2030,1204.06
2d291466-2ebc-398e-94dc-5dbb08495b1a,2031,1471.36
2d291466-2ebc-398e-94dc-5dbb08495b1a,2032,1798.0
2d291466-2ebc-398e-94dc-5dbb08495b1a,2033,2197.15
2d291466-2ebc-398e-94dc-5dbb08495b1a,2034,2684.92
2d4c8146-de7f-38ff-9ae9-2fe984ebf20b,2024,361.59
2d4c8146-de7f-38ff-9ae9-2fe984ebf20b,2025,441.87
2d4c8146-de7f-38ff-9ae9-2fe984ebf20b,2026,539.96
2d4c8146-de7f-38ff-9ae9-2fe984ebf20b,2027,659.83
2d4c8146-de7f-38ff-9ae9-2fe984ebf20b,2028,806.31
2d4c8146-de7f-38ff-9ae9-2fe984ebf20b,2029,985.32
2d4c8146-de7f-38ff-9ae9-2fe984ebf20b,2030,1204.06
2d4c8146-de7f-38ff-9ae9-2fe984ebf20b,2031,1471.36
2d4c8146-de7f-38ff-9ae9-2fe984ebf20b,2032,1798.0
2d4c8146-de7f-38ff-9ae9-2fe984ebf20b,2033,2197.15
2d4c8146-de7f-38ff-9ae9-2fe984ebf20b,2034,2684.92
2ff7c060-2b34-3fca-a44b-b5e74d1a1424,2024,361.59
2ff7c060-2b34-3fca-a44b-b5e74d1a1424,2025,441.87
2ff7c060-2b34-3fca-a44b-b5e74d1a1424,2026,539.96
2ff7c060-2b34-3fca-a44b-b5e74d1a1424,2027,659.83
2ff7c060-2b34-3fca-a44b-b5e74d1a1424,2028,806.31
2ff7c060-2b34-3fca-a44b-b5e74d1a1424,2029,985.32
2ff7c060-2b34-3fca-a44b-b5e74d1a1424,2030,1204.06
2ff7c060-2b34-3fca-a44b-b5e74d1a1424,2031,1471.36
2ff7c060-2b34-3fca-a44b-b5e74d1a1424,2032,1798.0
2ff7c060-2b34-3fca-a44b-b5e74d1a1424,2033,2197.15
2ff7c060-2b34-3fca-a44b-b5e74d1a1424,2034,2684.92
35724ea5-3374-308b-b98b-1c5ea94ab0b0,2024,361.59
35724ea5-3374-308b-b98b-1c5ea94ab0b0,2025,441.87
35724ea5-3374-308b-b98b-1c5ea94ab0b0,2026,539.96
35724ea5-3374-308b-b98b-1c5ea94ab0b0,2027,659.83
35724ea5-3374-308b-b98b-1c5ea94ab0b0,2028,806.31
35724ea5-3374-308b-b98b-1c5ea94ab0b0,2029,985.32
35724ea5-3374-308b-b98b-1c5ea94ab0b0,2030,1204.06
35724ea5-3374-308b-b98b-1c5ea94ab0b0,2031,1471.36
35724ea5-3374-308b-b98b-1c5ea94ab0b0,2032,1798.0
35724ea5-3374-308b-b98b-1c5ea94ab0b0,2033,2197.15
35724ea5-3374-308b-b98b-1c5ea94ab0b0,2034,2684.92
388f8c44-cfd1-32f7-957e-eaac448f28b4,2024,361.59
388f8c44-cfd1-32f7-957e-eaac448f28b4,2025,441.87
388f8c44-cfd1-32f7-957e-eaac448f28b4,2026,539.96
388f8c44-cfd1-32f7-957e-eaac448f28b4,2027,659.83
388f8c44-cfd1-32f7-957e-eaac448f28b4,2028,806.31
388f8c44-cfd1-32f7-957e-eaac448f28b4,2029,985.32
388f8c44-cfd1-32f7-957e-eaac448f28b4,2030,1204.06
388f8c44-cfd1-32f7-957e-eaac448f28b4,2031,1471.36
388f8c44-cfd1-32f7-957e-eaac448f28b4,2032,1798.0
388f8c44-cfd1-32f7-957e-eaac448f28b4,2033,2197.15
388f8c44-cfd1-32f7-957e-eaac448f28b4,2034,2684.92
38fd6542-e7bb-3882-be4a-7d3619dc8cbe,2024,361.59
38fd6542-e7bb-3882-be4a-7d3619dc8cbe,2025,441.87
38fd6542-e7bb-3882-be4a-7d3619dc8cbe,2026,539.96
38fd6542-e7bb-3882-be4a-7d3619dc8cbe,2027,659.83
38fd6542-e7bb-3882-be4a-7d3619dc8cbe,2028,806.31
38fd6542-e7bb-3882-be4a-7d3619dc8cbe,2029,985.32
38fd6542-e7bb-3882-be4a-7d3619dc8cbe,2030,1204.06
38fd6542-e7bb-3882-be4a-7d3619dc8cbe,2031,1471.36
38fd6542-e7bb-3882-be4a-7d3619dc8cbe,2032,1798.0
38fd6542-e7bb-3882-be4a-7d3619dc8cbe,2033,2197.15
38fd6542-e7bb-3882-be4a-7d3619dc8cbe,2034,2684.92
390b48af-1062-3e7d-a3af-7348a810dee0,2024,361.59
390b48af-1062-3e7d-a3af-7348a810dee0,2025,441.87
390b48af-1062-3e7d-a3af-7348a810dee0,2026,539.96
390b48af-1062-3e7d-a3af-7348a810dee0,2027,659.83
390b48af-1062-3e7d-a3af-7348a810dee0,2028,806.31
390b48af-1062-3e7d-a3af-7348a810dee0,2029,985.32
390b48af-1062-3e7d-a3af-7348a810dee0,2030,1204.06
390b48af-1062-3e7d-a3af-7348a810dee0,2031,1471.36
390b48af-1062-3e7d-a3af-7348a810dee0,2032,1798.0
390b48af-1062-3e7d-a3af-7348a810dee0,2033,2197.15
390b48af-1062-3e7d-a3af-7348a810dee0,2034,2684.92
3b3c5fd2-4636-3b9e-a1b6-2b57b8a75e40,2024,361.59
3b3c5fd2-4636-3b9e-a1b6-2b57b8a75e40,2025,441.87
3b3c5fd2-4636-3b9e-a1b6-2b57b8a75e40,2026,539.96
3b3c5fd2-4636-3b9e-a1b6-2b57b8a75e40,2027,659.83
3b3c5fd2-4636-3b9e-a1b6-2b57b8a75e40,2028,806.31
3b3c5fd2-4636-3b9e-a1b6-2b57b8a75e40,2029,985.32
3b3c5fd2-4636-3b9e-a1b6-2b57b8a75e40,2030,1204.06
3b3c5fd2-4636-3b9e-a1b6-2b57b8a75e40,2031,1471.36
3b3c5fd2-4636-3b9e-a1b6-2b57b8a75e40,2032,1798.0
3b3c5fd2-4636-3b9e-a1b6-2b57b8a75e40,2033,2197.15
3b3c5fd2-4636-3b9e-a1b6-2b57b8a75e40,2034,2684.92
3c1fcf47-bb2c-3885-9c35-0ee67b6699d5,2024,361.59
3c1fcf47-bb2c-3885-9c35-0ee67b6699d5,2025,441.87
3c1fcf47-bb2c-3885-9c35-0ee67b6699d5,2026,539.96
3c1fcf47-bb2c-3885-9c35-0ee67b6699d5,2027,659.83
3c1fcf47-bb2c-3885-9c35-0ee67b6699d5,2028,806.31
3c1fcf47-bb2c-3885-9c35-0ee67b6699d5,2029,985.32
3c1fcf47-bb2c-3885-9c35-0ee67b6699d5,2030,1204.06
3c1fcf47-bb2c-3885-9c35-0ee67b6699d5,2031,1471.36
3c1fcf47-bb2c-3885-9c35-0ee67b6699d5,2032,1798.0
3c1fcf47-bb2c-3885-9c35-0ee67b6699d5,2033,2197.15
3c1fcf47-bb2c-3885-9c35-0ee67b6699d5,2034,2684.92
3e92db49-a2de-355e-9fe6-539b38fdfbd3,2024,361.59
3e92db49-a2de-355e-9fe6-539b38fdfbd3,2025,441.87
3e92db49-a2de-355e-9fe6-539b38fdfbd3,2026,539.96
3e92db49-a2de-355e-9fe6-539b38fdfbd3,2027,659.83
3e92db49-a2de-355e-9fe6-539b38fdfbd3,2028,806.31
3e92db49-a2de-355e-9fe6-539b38fdfbd3,2029,985.32
3e92db49-a2de-355e-9fe6-539b38fdfbd3,2030,1204.06
3e92db49-a2de-355e-9fe6-539b38fdfbd3,2031,1471.36
3e92db49-a2de-355e-9fe6-539b38fdfbd3,2032,1798.0
3e92db49-a2de-355e-9fe6-539b38fdfbd3,2033,2197.15
3e92db49-a2de-355e-9fe6-539b38fdfbd3,2034,2684.92
409ec451-8e06-3a05-9d84-3f491b9e5ae5,2024,361.59
409ec451-8e06-3a05-9d84-3f491b9e5ae5,2025,441.87
409ec451-8e06-3a05-9d84-3f491b9e5ae5,2026,539.96
409ec451-8e06-3a05-9d84-3f491b9e5ae5,2027,659.83
409ec451-8e06-3a05-9d84-3f491b9e5ae5,2028,806.31
409ec451-8e06-3a05-9d84-3f491b9e5ae5,2029,985.32
409ec451-8e06-3a05-9d84-3f491b9e5ae5,2030,1204.06
409ec451-8e06-3a05-9d84-3f491b9e5ae5,2031,1471.36
409ec451-8e06-3a05-9d84-3f491b9e5ae5,2032,1798.0
409ec451-8e06-3a05-9d84-3f491b9e5ae5,2033,2197.15
409ec451-8e06-3a05-9d84-3f491b9e5ae5,2034,2684.92
42e04b0a-37df-3753-936b-ba21f7af5714,2024,361.59
42e04b0a-37df-3753-936b-ba21f7af5714,2025,441.87
42e04b0a-37df-3753-936b-ba21f7af5714,2026,539.96
42e04b0a-37df-3753-936b-ba21f7af5714,2027,659.83
42e04b0a-37df-3753-936b-ba21f7af5714,2028,806.31
42e04b0a-37df-3753-936b-ba21f7af5714,2029,985.32
42e04b0a-37df-3753-936b-ba21f7af5714,2030,1204.06
42e04b0a-37df-3753-936b-ba21f7af5714,2031,1471.36
42e04b0a-37df-3753-936b-ba21f7af5714,2032,1798.0
42e04b0a-37df-3753-936b-ba21f7af5714,2033,2197.15
42e04b0a-37df-3753-936b-ba21f7af5714,2034,2684.92
43adbaa1-75c3-34dd-8c10-bd8a5a5959f5,2024,361.59
43adbaa1-75c3-34dd-8c10-bd8a5a5959f5,2025,441.87
43adbaa1-75c3-34dd-8c10-bd8a5a5959f5,2026,539.96
43adbaa1-75c3-34dd-8c10-bd8a5a5959f5,2027,659.83
43adbaa1-75c3-34dd-8c10-bd8a5a5959f5,2028,806.31
43adbaa1-75c3-34dd-8c10-bd8a5a5959f5,2029,985.32
43adbaa1-75c3-34dd-8c10-bd8a5a5959f5,2030,1204.06
43adbaa1-75c3-34dd-8c10-bd8a5a5959f5,2031,1471.36
43adbaa1-75c3-34dd-8c10-bd8a5a5959f5,2032,1798.0
43adbaa1-75c3-34dd-8c10-bd8a5a5959f5,2033,2197.15
43adbaa1-75c3-34dd-8c10-bd8a5a5959f5,2034,2684.92
450eea3e-00ca-376c-98b3-b7618768f40c,2024,361.59
450eea3e-00ca-376c-98b3-b7618768f40c,2025,441.87
450eea3e-00ca-376c-98b3-b7618768f40c,2026,539.96
450eea3e-00ca-376c-98b3-b7618768f40c,2027,659.83
450eea3e-00ca-376c-98b3-b7618768f40c,2028,806.31
450eea3e-00ca-376c-98b3-b7618768f40c,2029,985.32
450eea3e-00ca-376c-98b3-b7618768f40c,2030,1204.06
450eea3e-00ca-376c-98b3-b7618768f40c,2031,1471.36
450eea3e-00ca-376c-98b3-b7618768f40c,2032,1798.0
450eea3e-00ca-376c-98b3-b7618768f40c,2033,2197.15
450eea3e-00ca-376c-98b3-b7618768f40c,2034,2684.92
4583585e-be46-366a-b5dd-a8e90bc85661,2024,361.59
4583585e-be46-366a-b5dd-a8e90bc85661,2025,441.87
4583585e-be46-366a-b5dd-a8e90bc85661,2026,539.96
4583585e-be46-366a-b5dd-a8e90bc85661,2027,659.83
4583585e-be46-366a-b5dd-a8e90bc85661,2028,806.31
4583585e-be46-366a-b5dd-a8e90bc85661,2029,985.32
4583585e-be46-366a-b5dd-a8e90bc85661,2030,1204.06
4583585e-be46-366a-b5dd-a8e90bc85661,2031,1471.36
4583585e-be46-366a-b5dd-a8e90bc85661,2032,1798.0
4583585e-be46-366a-b5dd-a8e90bc85661,2033,2197.15
4583585e-be46-366a-b5dd-a8e90bc85661,2034,2684.92
485c017e-26bc-3301-82ae-05c03d8c90e2,2024,361.59
485c017e-26bc-3301-82ae-05c03d8c90e2,2025,441.87
485c017e-26bc-3301-82ae-05c03d8c90e2,2026,539.96
485c017e-26bc-3301-82ae-05c03d8c90e2,2027,659.83
485c017e-26bc-3301-82ae-05c03d8c90e2,2028,806.31
485c017e-26bc-3301-82ae-05c03d8c90e2,2029,985.32
485c017e-26bc-3301-82ae-05c03d8c90e2,2030,1204.06
485c017e-26bc-3301-82ae-05c03d8c90e2,2031,1471.36
485c017e-26bc-3301-82ae-05c03d8c90e2,2032,1798.0
485c017e-26bc-3301-82ae-05c03d8c90e2,2033,2197.15
485c017e-26bc-3301-82ae-05c03d8c90e2,2034,2684.92
487de686-3875-3916-89f6-e53da4786c75,2024,361.59
487de686-3875-3916-89f6-e53da4786c75,2025,441.87
487de686-3875-3916-89f6-e53da4786c75,2026,539.96
487de686-3875-3916-89f6-e53da4786c75,2027,659.83
487de686-3875-3916-89f6-e53da4786c75,2028,806.31
487de686-3875-3916-89f6-e53da4786c75,2029,985.32
487de686-3875-3916-89f6-e53da4786c75,2030,1204.06
487de686-3875-3916-89f6-e53da4786c75,2031,1471.36
487de686-3875-3916-89f6-e53da4786c75,2032,1798.0
487de686-3875-3916-89f6-e53da4786c75,2033,2197.15
487de686-3875-3916-89f6-e53da4786c75,2034,2684.92
4f013edd-d61c-3cdc-b09a-fbc28a3dd802,2024,361.59
4f013edd-d61c-3cdc-b09a-fbc28a3dd802,2025,441.87
4f013edd-d61c-3cdc-b09a-fbc28a3dd802,2026,539.96
4f013edd-d61c-3cdc-b09a-fbc28a3dd802,2027,659.83
4f013edd-d61c-3cdc-b09a-fbc28a3dd802,2028,806.31
4f013edd-d61c-3cdc-b09a-fbc28a3dd802,2029,985.32
4f013edd-d61c-3cdc-b09a-fbc28a3dd802,2030,1204.06
4f013edd-d61c-3cdc-b09a-fbc28a3dd802,2031,1471.36
4f013edd-d61c-3cdc-b09a-fbc28a3dd802,2032,1798.0
4f013edd-d61c-3cdc-b09a-fbc28a3dd802,2033,2197.15
4f013edd-d61c-3cdc-b09a-fbc28a3dd802,2034,2684.92
4f62cfd0-8d51-3178-a5be-1dabc65e5054,2024,361.59
4f62cfd0-8d51-3178-a5be-1dabc65e5054,2025,441.87
4f62cfd0-8d51-3178-a5be-1dabc65e5054,2026,539.96
4f62cfd0-8d51-3178-a5be-1dabc65e5054,2027,659.83
4f62cfd0-8d51-3178-a5be-1dabc65e5054,2028,806.31
4f62cfd0-8d51-3178-a5be-1dabc65e5054,2029,985.32
4f62cfd0-8d51-3178-a5be-1dabc65e5054,2030,1204.06
4f62cfd0-8d51-3178-a5be-1dabc65e5054,2031,1471.36
4f62cfd0-8d51-3178-a5be-1dabc65e5054,2032,1798.0
4f62cfd0-8d51-3178-a5be-1dabc65e5054,2033,2197.15
4f62cfd0-8d51-3178-a5be-1dabc65e5054,2034,2684.92
515219ea-0a40-3966-b85b-59afafadc882,2024,361.59
515219ea-0a40-3966-b85b-59afafadc882,2025,441.87
515219ea-0a40-3966-b85b-59afafadc882,2026,539.96
515219ea-0a40-3966-b85b-59afafadc882,2027,659.83
515219ea-0a40-3966-b85b-59afafadc882,2028,806.31
515219ea-0a40-3966-b85b-59afafadc882,2029,985.32
515219ea-0a40-3966-b85b-59afafadc882,2030,1204.06
515219ea-0a40-3966-b85b-59afafadc882,2031,1471.36
515219ea-0a40-3966-b85b-59afafadc882,2032,1798.0
515219ea-0a40-3966-b85b-59afafadc882,2033,2197.15
515219ea-0a40-3966-b85b-59afafadc882,2034,2684.92
522d8727-f6c7-37d2-9f5a-374387e40fff,2024,361.59
522d8727-f6c7-37d2-9f5a-374387e40fff,2025,441.87
522d8727-f6c7-37d2-9f5a-374387e40fff,2026,539.96
522d8727-f6c7-37d2-9f5a-374387e40fff,2027,659.83
522d8727-f6c7-37d2-9f5a-374387e40fff,2028,806.31
522d8727-f6c7-37d2-9f5a-374387e40fff,2029,985.32
522d8727-f6c7-37d2-9f5a-374387e40fff,2030,1204.06
522d8727-f6c7-37d2-9f5a-374387e40fff,2031,1471.36
522d8727-f6c7-37d2-9f5a-374387e40fff,2032,1798.0
522d8727-f6c7-37d2-9f5a-374387e40fff,2033,2197.15
522d8727-f6c7-37d2-9f5a-374387e40fff,2034,2684.92
5698a1e0-b33e-38cf-965c-0d71a3756bca,2024,361.59
5698a1e0-b33e-38cf-965c-0d71a3756bca,2025,441.87
5698a1e0-b33e-38cf-965c-0d71a3756bca,2026,539.96
5698a1e0-b33e-38cf-965c-0d71a3756bca,2027,659.83
5698a1e0-b33e-38cf-965c-0d71a3756bca,2028,806.31
5698a1e0-b33e-38cf-965c-0d71a3756bca,2029,985.32
5698a1e0-b33e-38cf-965c-0d71a3756bca,2030,1204.06
5698a1e0-b33e-38cf-965c-0d71a3756bca,2031,1471.36
5698a1e0-b33e-38cf-965c-0d71a3756bca,2032,1798.0
5698a1e0-b33e-38cf-965c-0d71a3756bca,2033,2197.15
5698a1e0-b33e-38cf-965c-0d71a3756bca,2034,2684.92
5a496c09-e10e-3234-96ea-587946f3bcb0,2024,361.59
5a496c09-e10e-3234-96ea-587946f3bcb0,2025,441.87
5a496c09-e10e-3234-96ea-587946f3bcb0,2026,539.96
5a496c09-e10e-3234-96ea-587946f3bcb0,2027,659.83
5a496c09-e10e-3234-96ea-587946f3bcb0,2028,806.31
5a496c09-e10e-3234-96ea-587946f3bcb0,2029,985.32
5a496c09-e10e-3234-96ea-587946f3bcb0,2030,1204.06
5a496c09-e10e-3234-96ea-587946f3bcb0,2031,1471.36
5a496c09-e10e-3234-96ea-587946f3bcb0,2032,1798.0
5a496c09-e10e-3234-96ea-587946f3bcb0,2033,2197.15
5a496c09-e10e-3234-96ea-587946f3bcb0,2034,2684.92
5a5bde14-bab2-37da-bfa7-0381c7ac1f35,2024,361.59
5a5bde14-bab2-37da-bfa7-0381c7ac1f35,2025,441.87
5a5bde14-bab2-37da-bfa7-0381c7ac1f35,2026,539.96
5a5bde14-bab2-37da-bfa7-0381c7ac1f35,2027,659.83
5a5bde14-bab2-37da-bfa7-0381c7ac1f35,2028,806.31
5a5bde14-bab2-37da-bfa7-0381c7ac1f35,2029,985.32
5a5bde14-bab2-37da-bfa7-0381c7ac1f35,2030,1204.06
5a5bde14-bab2-37da-bfa7-0381c7ac1f35,2031,1471.36
5a5bde14-bab2-37da-bfa7-0381c7ac1f35,2032,1798.0
5a5bde14-bab2-37da-bfa7-0381c7ac1f35,2033,2197.15
5a5bde14-bab2-37da-bfa7-0381c7ac1f35,2034,2684.92
5b193d65-9ea8-3ec5-adf1-9926a56821b6,2024,361.59
5b193d65-9ea8-3ec5-adf1-9926a56821b6,2025,441.87
5b193d65-9ea8-3ec5-adf1-9926a56821b6,2026,539.96
5b193d65-9ea8-3ec5-adf1-9926a56821b6,2027,659.83
5b193d65-9ea8-3ec5-adf1-9926a56821b6,2028,806.31
5b193d65-9ea8-3ec5-adf1-9926a56821b6,2029,985.32
5b193d65-9ea8-3ec5-adf1-9926a56821b6,2030,1204.06
5b193d65-9ea8-3ec5-adf1-9926a56821b6,2031,1471.36
5b193d65-9ea8-3ec5-adf1-9926a56821b6,2032,1798.0
5b193d65-9ea8-3ec5-adf1-9926a56821b6,2033,2197.15
5b193d65-9ea8-3ec5-adf1-9926a56821b6,2034,2684.92
608d5597-8405-3035-b2a0-8dcf72111bbe,2024,361.59
608d5597-8405-3035-b2a0-8dcf72111bbe,2025,441.87
608d5597-8405-3035-b2a0-8dcf72111bbe,2026,539.96
608d5597-8405-3035-b2a0-8dcf72111bbe,2027,659.83
608d5597-8405-3035-b2a0-8dcf72111bbe,2028,806.31
608d5597-8405-3035-b2a0-8dcf72111bbe,2029,985.32
608d5597-8405-3035-b2a0-8dcf72111bbe,2030,1204.06
608d5597-8405-3035-b2a0-8dcf72111bbe,2031,1471.36
608d5597-8405-3035-b2a0-8dcf72111bbe,2032,1798.0
608d5597-8405-3035-b2a0-8dcf72111bbe,2033,2197.15
608d5597-8405-3035-b2a0-8dcf72111bbe,2034,2684.92
6274fadd-2bd1-3e58-826c-c0187713533f,2024,361.59
6274fadd-2bd1-3e58-826c-c0187713533f,2025,441.87
6274fadd-2bd1-3e58-826c-c0187713533f,2026,539.96
6274fadd-2bd1-3e58-826c-c0187713533f,2027,659.83
6274fadd-2bd1-3e58-826c-c0187713533f,2028,806.31
6274fadd-2bd1-3e58-826c-c0187713533f,2029,985.32
6274fadd-2bd1-3e58-826c-c0187713533f,2030,1204.06
6274fadd-2bd1-3e58-826c-c0187713533f,2031,1471.36
6274fadd-2bd1-3e58-826c-c0187713533f,2032,1798.0
6274fadd-2bd1-3e58-826c-c0187713533f,2033,2197.15
6274fadd-2bd1-3e58-826c-c0187713533f,2034,2684.92
62c60140-4175-3f27-a1c2-57bd4cc73da4,2024,361.59
62c60140-4175-3f27-a1c2-57bd4cc73da4,2025,441.87
62c60140-4175-3f27-a1c2-57bd4cc73da4,2026,539.96
62c60140-4175-3f27-a1c2-57bd4cc73da4,2027,659.83
62c60140-4175-3f27-a1c2-57bd4cc73da4,2028,806.31
62c60140-4175-3f27-a1c2-57bd4cc73da4,2029,985.32
62c60140-4175-3f27-a1c2-57bd4cc73da4,2030,1204.06
62c60140-4175-3f27-a1c2-57bd4cc73da4,2031,1471.36
62c60140-4175-3f27-a1c2-57bd4cc73da4,2032,1798.0
62c60140-4175-3f27-a1c2-57bd4cc73da4,2033,2197.15
62c60140-4175-3f27-a1c2-57bd4cc73da4,2034,2684.92
65575dce-a919-3b88-a510-9ee8ce168412,2024,361.59
65575dce-a919-3b88-a510-9ee8ce168412,2025,441.87
65575dce-a919-3b88-a510-9ee8ce168412,2026,539.96
65575dce-a919-3b88-a510-9ee8ce168412,2027,659.83
65575dce-a919-3b88-a510-9ee8ce168412,2028,806.31
65575dce-a919-3b88-a510-9ee8ce168412,2029,985.32
65575dce-a919-3b88-a510-9ee8ce168412,2030,1204.06
65575dce-a919-3b88-a510-9ee8ce168412,2031,1471.36
65575dce-a919-3b88-a510-9ee8ce168412,2032,1798.0
65575dce-a919-3b88-a510-9ee8ce168412,2033,2197.15
65575dce-a919-3b88-a510-9ee8ce168412,2034,2684.92
67d5fd1e-cdfa-37d4-ade2-ecbe32f479f1,2024,361.59
67d5fd1e-cdfa-37d4-ade2-ecbe32f479f1,2025,441.87
67d5fd1e-cdfa-37d4-ade2-ecbe32f479f1,2026,539.96
67d5fd1e-cdfa-37d4-ade2-ecbe32f479f1,2027,659.83
67d5fd1e-cdfa-37d4-ade2-ecbe32f479f1,2028,806.31
67d5fd1e-cdfa-37d4-ade2-ecbe32f479f1,2029,985.32
67d5fd1e-cdfa-37d4-ade2-ecbe32f479f1,2030,1204.06
67d5fd1e-cdfa-37d4-ade2-ecbe32f479f1,2031,1471.36
67d5fd1e-cdfa-37d4-ade2-ecbe32f479f1,2032,1798.0
67d5fd1e-cdfa-37d4-ade2-ecbe32f479f1,2033,2197.15
67d5fd1e-cdfa-37d4-ade2-ecbe32f479f1,2034,2684.92
6954017c-8977-3956-a661-05e114d106d0,2024,361.59
6954017c-8977-3956-a661-05e114d106d0,2025,441.87
6954017c-8977-3956-a661-05e114d106d0,2026,539.96
6954017c-8977-3956-a661-05e114d106d0,2027,659.83
6954017c-8977-3956-a661-05e114d106d0,2028,806.31
6954017c-8977-3956-a661-05e114d106d0,2029,985.32
6954017c-8977-3956-a661-05e114d106d0,2030,1204.06
6954017c-8977-3956-a661-05e114d106d0,2031,1471.36
6954017c-8977-3956-a661-05e114d106d0,2032,1798.0
6954017c-8977-3956-a661-05e114d106d0,2033,2197.15
6954017c-8977-3956-a661-05e114d106d0,2034,2684.92
6d819721-9900-3681-97cc-b6a020d1ffe8,2024,361.59
6d819721-9900-3681-97cc-b6a020d1ffe8,2025,441.87
6d819721-9900-3681-97cc-b6a020d1ffe8,2026,539.96
6d819721-9900-3681-97cc-b6a020d1ffe8,2027,659.83
6d819721-9900-3681-97cc-b6a020d1ffe8,2028,806.31
6d819721-9900-3681-97cc-b6a020d1ffe8,2029,985.32
6d819721-9900-3681-97cc-b6a020d1ffe8,2030,1204.06
6d819721-9900-3681-97cc-b6a020d1ffe8,2031,1471.36
6d819721-9900-3681-97cc-b6a020d1ffe8,2032,1798.0
6d819721-9900-3681-97cc-b6a020d1ffe8,2033,2197.15
6d819721-9900-3681-97cc-b6a020d1ffe8,2034,2684.92
70ee81c3-34e1-3bee-8873-c9a7fd81dd59,2024,361.59
70ee81c3-34e1-3bee-8873-c9a7fd81dd59,2025,441.87
70ee81c3-34e1-3bee-8873-c9a7fd81dd59,2026,539.96
70ee81c3-34e1-3bee-8873-c9a7fd81dd59,2027,659.83
70ee81c3-34e1-3bee-8873-c9a7fd81dd59,2028,806.31
70ee81c3-34e1-3bee-8873-c9a7fd81dd59,2029,985.32
70ee81c3-34e1-3bee-8873-c9a7fd81dd59,2030,1204.06
70ee81c3-34e1-3bee-8873-c9a7fd81dd59,2031,1471.36
70ee81c3-34e1-3bee-8873-c9a7fd81dd59,2032,1798.0
70ee81c3-34e1-3bee-8873-c9a7fd81dd59,2033,2197.15
70ee81c3-34e1-3bee-8873-c9a7fd81dd59,2034,2684.92
73df2128-d325-33b8-afcf-25123b23c6d7,2024,361.59
73df2128-d325-33b8-afcf-25123b23c6d7,2025,441.87
73df2128-d325-33b8-afcf-25123b23c6d7,2026,539.96
73df2128-d325-33b8-afcf-25123b23c6d7,2027,659.83
73df2128-d325-33b8-afcf-25123b23c6d7,2028,806.31
73df2128-d325-33b8-afcf-25123b23c6d7,2029,985.32
73df2128-d325-33b8-afcf-25123b23c6d7,2030,1204.06
73df2128-d325-33b8-afcf-25123b23c6d7,2031,1471.36
73df2128-d325-33b8-afcf-25123b23c6d7,2032,1798.0
73df2128-d325-33b8-afcf-25123b23c6d7,2033,2197.15
73df2128-d325-33b8-afcf-25123b23c6d7,2034,2684.92
7597aa9a-0f41-3f85-90ae-dac213ebb8e9,2024,361.59
7597aa9a-0f41-3f85-90ae-dac213ebb8e9,2025,441.87
7597aa9a-0f41-3f85-90ae-dac213ebb8e9,2026,539.96
7597aa9a-0f41-3f85-90ae-dac213ebb8e9,2027,659.83
7597aa9a-0f41-3f85-90ae-dac213ebb8e9,2028,806.31
7597aa9a-0f41-3f85-90ae-dac213ebb8e9,2029,985.32
7597aa9a-0f41-3f85-90ae-dac213ebb8e9,2030,1204.06
7597aa9a-0f41-3f85-90ae-dac213ebb8e9,2031,1471.36
7597aa9a-0f41-3f85-90ae-dac213ebb8e9,2032,1798.0
7597aa9a-0f41-3f85-90ae-dac213ebb8e9,2033,2197.15
7597aa9a-0f41-3f85-90ae-dac213ebb8e9,2034,2684.92
788123a9-92ee-3562-a696-ad43b534bd24,2024,361.59
788123a9-92ee-3562-a696-ad43b534bd24,2025,441.87
788123a9-92ee-3562-a696-ad43b534bd24,2026,539.96
788123a9-92ee-3562-a696-ad43b534bd24,2027,659.83
788123a9-92ee-3562-a696-ad43b534bd24,2028,806.31
788123a9-92ee-3562-a696-ad43b534bd24,2029,985.32
788123a9-92ee-3562-a696-ad43b534bd24,2030,1204.06
788123a9-92ee-3562-a696-ad43b534bd24,2031,1471.36
788123a9-92ee-3562-a696-ad43b534bd24,2032,1798.0
788123a9-92ee-3562-a696-ad43b534bd24,2033,2197.15
788123a9-92ee-3562-a696-ad43b534bd24,2034,2684.92
7b924b94-47df-3a63-85a7-d9d0e8f07203,2024,361.59
7b924b94-47df-3a63-85a7-d9d0e8f07203,2025,441.87
7b924b94-47df-3a63-85a7-d9d0e8f07203,2026,539.96
7b924b94-47df-3a63-85a7-d9d0e8f07203,2027,659.83
7b924b94-47df-3a63-85a7-d9d0e8f07203,2028,806.31
7b924b94-47df-3a63-85a7-d9d0e8f07203,2029,985.32
7b924b94-47df-3a63-85a7-d9d0e8f07203,2030,1204.06
7b924b94-47df-3a63-85a7-d9d0e8f07203,2031,1471.36
7b924b94-47df-3a63-85a7-d9d0e8f07203,2032,1798.0
7b924b94-47df-3a63-85a7-d9d0e8f07203,2033,2197.15
7b924b94-47df-3a63-85a7-d9d0e8f07203,2034,2684.92
7bbd2614-a622-3967-a42b-7c7ab5c28d46,2024,361.59
7bbd2614-a622-3967-a42b-7c7ab5c28d46,2025,441.87
7bbd2614-a622-3967-a42b-7c7ab5c28d46,2026,539.96
7bbd2614-a622-3967-a42b-7c7ab5c28d46,2027,659.83
7bbd2614-a622-3967-a42b-7c7ab5c28d46,2028,806.31
7bbd2614-a622-3967-a42b-7c7ab5c28d46,2029,985.32
7bbd2614-a622-3967-a42b-7c7ab5c28d46,2030,1204.06
7bbd2614-a622-3967-a42b-7c7ab5c28d46,2031,1471.36
7bbd2614-a622-3967-a42b-7c7ab5c28d46,2032,1798.0
7bbd2614-a622-3967-a42b-7c7ab5c28d46,2033,2197.15
7bbd2614-a622-3967-a42b-7c7ab5c28d46,2034,2684.92
7e5813ea-1d2c-3ad6-8425-15dfd302c462,2024,361.59
7e5813ea-1d2c-3ad6-8425-15dfd302c462,2025,441.87
7e5813ea-1d2c-3ad6-8425-15dfd302c462,2026,539.96
7e5813ea-1d2c-3ad6-8425-15dfd302c462,2027,659.83
7e5813ea-1d2c-3ad6-8425-15dfd302c462,2028,806.31
7e5813ea-1d2c-3ad6-8425-15dfd302c462,2029,985.32
7e5813ea-1d2c-3ad6-8425-15dfd302c462,2030,1204.06
7e5813ea-1d2c-3ad6-8425-15dfd302c462,2031,1471.36
7e5813ea-1d2c-3ad6-8425-15dfd302c462,2032,1798.0
7e5813ea-1d2c-3ad6-8425-15dfd302c462,2033,2197.15
7e5813ea-1d2c-3ad6-8425-15dfd302c462,2034,2684.92
7e71b9a7-b4c8-30a8-a9b6-7df2b33dfdc5,2024,361.59
7e71b9a7-b4c8-30a8-a9b6-7df2b33dfdc5,2025,441.87
7e71b9a7-b4c8-30a8-a9b6-7df2b33dfdc5,2026,539.96
7e71b9a7-b4c8-30a8-a9b6-7df2b33dfdc5,2027,659.83
7e71b9a7-b4c8-30a8-a9b6-7df2b33dfdc5,2028,806.31
7e71b9a7-b4c8-30a8-a9b6-7df2b33dfdc5,2029,985.32
7e71b9a7-b4c8-30a8-a9b6-7df2b33dfdc5,2030,1204.06
7e71b9a7-b4c8-30a8-a9b6-7df2b33dfdc5,2031,1471.36
7e71b9a7-b4c8-30a8-a9b6-7df2b33dfdc5,2032,1798.0
7e71b9a7-b4c8-30a8-a9b6-7df2b33dfdc5,2033,2197.15
7e71b9a7-b4c8-30a8-a9b6-7df2b33dfdc5,2034,2684.92
81f196fc-67c9-3168-aa0a-13981ddaa53c,2024,361.59
81f196fc-67c9-3168-aa0a-13981ddaa53c,2025,441.87
81f196fc-67c9-3168-aa0a-13981ddaa53c,2026,539.96
81f196fc-67c9-3168-aa0a-13981ddaa53c,2027,659.83
81f196fc-67c9-3168-aa0a-13981ddaa53c,2028,806.31
81f196fc-67c9-3168-aa0a-13981ddaa53c,2029,985.32
81f196fc-67c9-3168-aa0a-13981ddaa53c,2030,1204.06
81f196fc-67c9-3168-aa0a-13981ddaa53c,2031,1471.36
81f196fc-67c9-3168-aa0a-13981ddaa53c,2032,1798.0
81f196fc-67c9-3168-aa0a-13981ddaa53c,2033,2197.15
81f196fc-67c9-3168-aa0a-13981ddaa53c,2034,2684.92
834e0944-3be9-3fe4-8d71-4799ce2aed1c,2024,361.59
834e0944-3be9-3fe4-8d71-4799ce2aed1c,2025,441.87
834e0944-3be9-3fe4-8d71-4799ce2aed1c,2026,539.96
834e0944-3be9-3fe4-8d71-4799ce2aed1c,2027,659.83
834e0944-3be9-3fe4-8d71-4799ce2aed1c,2028,806.31
834e0944-3be9-3fe4-8d71-4799ce2aed1c,2029,985.32
834e0944-3be9-3fe4-8d71-4799ce2aed1c,2030,1204.06
834e0944-3be9-3fe4-8d71-4799ce2aed1c,2031,1471.36
834e0944-3be9-3fe4-8d71-4799ce2aed1c,2032,1798.0
834e0944-3be9-3fe4-8d71-4799ce2aed1c,2033,2197.15
834e0944-3be9-3fe4-8d71-4799ce2aed1c,2034,2684.92
89e7a23c-d29b-35de-9efb-7cf407e41294,2024,361.59
89e7a23c-d29b-35de-9efb-7cf407e41294,2025,441.87
89e7a23c-d29b-35de-9efb-7cf407e41294,2026,539.96
89e7a23c-d29b-35de-9efb-7cf407e41294,2027,659.83
89e7a23c-d29b-35de-9efb-7cf407e41294,2028,806.31
89e7a23c-d29b-35de-9efb-7cf407e41294,2029,985.32
89e7a23c-d29b-35de-9efb-7cf407e41294,2030,1204.06
89e7a23c-d29b-35de-9efb-7cf407e41294,2031,1471.36
89e7a23c-d29b-35de-9efb-7cf407e41294,2032,1798.0
89e7a23c-d29b-35de-9efb-7cf407e41294,2033,2197.15
89e7a23c-d29b-35de-9efb-7cf407e41294,2034,2684.92
8a736ab4-7a30-352a-9a9e-a819c45ec88f,2024,361.59
8a736ab4-7a30-352a-9a9e-a819c45ec88f,2025,441.87
8a736ab4-7a30-352a-9a9e-a819c45ec88f,2026,539.96
8a736ab4-7a30-352a-9a9e-a819c45ec88f,2027,659.83
8a736ab4-7a30-352a-9a9e-a819c45ec88f,2028,806.31
8a736ab4-7a30-352a-9a9e-a819c45ec88f,2029,985.32
8a736ab4-7a30-352a-9a9e-a819c45ec88f,2030,1204.06
8a736ab4-7a30-352a-9a9e-a819c45ec88f,2031,1471.36
8a736ab4-7a30-352a-9a9e-a819c45ec88f,2032,1798.0
8a736ab4-7a30-352a-9a9e-a819c45ec88f,2033,2197.15
8a736ab4-7a30-352a-9a9e-a819c45ec88f,2034,2684.92
8dc7836a-0e9c-3bc1-b18e-e3d2ed8abfb1,2024,361.59
8dc7836a-0e9c-3bc1-b18e-e3d2ed8abfb1,2025,441.87
8dc7836a-0e9c-3bc1-b18e-e3d2ed8abfb1,2026,539.96
8dc7836a-0e9c-3bc1-b18e-e3d2ed8abfb1,2027,659.83
8dc7836a-0e9c-3bc1-b18e-e3d2ed8abfb1,2028,806.31
8dc7836a-0e9c-3bc1-b18e-e3d2ed8abfb1,2029,985.32
8dc7836a-0e9c-3bc1-b18e-e3d2ed8abfb1,2030,1204.06
8dc7836a-0e9c-3bc1-b18e-e3d2ed8abfb1,2031,1471.36
8dc7836a-0e9c-3bc1-b18e-e3d2ed8abfb1,2032,1798.0
8dc7836a-0e9c-3bc1-b18e-e3d2ed8abfb1,2033,2197.15
8dc7836a-0e9c-3bc1-b18e-e3d2ed8abfb1,2034,2684.92
8e214bf1-40f8-3d31-a4dd-a678e1fb7f91,2024,361.59
8e214bf1-40f8-3d31-a4dd-a678e1fb7f91,2025,441.87
8e214bf1-40f8-3d31-a4dd-a678e1fb7f91,2026,539.96
8e214bf1-40f8-3d31-a4dd-a678e1fb7f91,2027,659.83
8e214bf1-40f8-3d31-a4dd-a678e1fb7f91,2028,806.31
8e214bf1-40f8-3d31-a4dd-a678e1fb7f91,2029,985.32
8e214bf1-40f8-3d31-a4dd-a678e1fb7f91,2030,1204.06
8e214bf1-40f8-3d31-a4dd-a678e1fb7f91,2031,1471.36
8e214bf1-40f8-3d31-a4dd-a678e1fb7f91,2032,1798.0
8e214bf1-40f8-3d31-a4dd-a678e1fb7f91,2033,2197.15
8e214bf1-40f8-3d31-a4dd-a678e1fb7f91,2034,2684.92
908bfa48-acfd-3cdf-bdd5-efb2b0e48d48,2024,361.59
908bfa48-acfd-3cdf-bdd5-efb2b0e48d48,2025,441.87
908bfa48-acfd-3cdf-bdd5-efb2b0e48d48,2026,539.96
908bfa48-acfd-3cdf-bdd5-efb2b0e48d48,2027,659.83
908bfa48-acfd-3cdf-bdd5-efb2b0e48d48,2028,806.31
908bfa48-acfd-3cdf-bdd5-efb2b0e48d48,2029,985.32
908bfa48-acfd-3cdf-bdd5-efb2b0e48d48,2030,1204.06
908bfa48-acfd-3cdf-bdd5-efb2b0e48d48,2031,1471.36
908bfa48-acfd-3cdf-bdd5-efb2b0e48d48,2032,1798.0
908bfa48-acfd-3cdf-bdd5-efb2b0e48d48,2033,2197.15
908bfa48-acfd-3cdf-bdd5-efb2b0e48d48,2034,2684.92
91b44eaf-54a9-3207-a9bf-770e0894cdaf,2024,361.59
91b44eaf-54a9-3207-a9bf-770e0894cdaf,2025,441.87
91b44eaf-54a9-3207-a9bf-770e0894cdaf,2026,539.96
91b44eaf-54a9-3207-a9bf-770e0894cdaf,2027,659.83
91b44eaf-54a9-3207-a9bf-770e0894cdaf,2028,806.31
91b44eaf-54a9-3207-a9bf-770e0894cdaf,2029,985.32
91b44eaf-54a9-3207-a9bf-770e0894cdaf,2030,1204.06
91b44eaf-54a9-3207-a9bf-770e0894cdaf,2031,1471.36
91b44eaf-54a9-3207-a9bf-770e0894cdaf,2032,1798.0
91b44eaf-54a9-3207-a9bf-770e0894cdaf,2033,2197.15
91b44eaf-54a9-3207-a9bf-770e0894cdaf,2034,2684.92
9515e2d6-c82d-3c4d-af95-034567b89be9,2024,361.59
9515e2d6-c82d-3c4d-af95-034567b89be9,2025,441.87
9515e2d6-c82d-3c4d-af95-034567b89be9,2026,539.96
9515e2d6-c82d-3c4d-af95-034567b89be9,2027,659.83
9515e2d6-c82d-3c4d-af95-034567b89be9,2028,806.31
9515e2d6-c82d-3c4d-af95-034567b89be9,2029,985.32
9515e2d6-c82d-3c4d-af95-034567b89be9,2030,1204.06
9515e2d6-c82d-3c4d-af95-034567b89be9,2031,1471.36
9515e2d6-c82d-3c4d-af95-034567b89be9,2032,1798.0
9515e2d6-c82d-3c4d-af95-034567b89be9,2033,2197.15
9515e2d6-c82d-3c4d-af95-034567b89be9,2034,2684.92
96a3d829-71d2-35dc-a902-8d75aa199c33,2024,361.59
96a3d829-71d2-35dc-a902-8d75aa199c33,2025,441.87
96a3d829-71d2-35dc-a902-8d75aa199c33,2026,539.96
96a3d829-71d2-35dc-a902-8d75aa199c33,2027,659.83
96a3d829-71d2-35dc-a902-8d75aa199c33,2028,806.31
96a3d829-71d2-35dc-a902-8d75aa199c33,2029,985.32
96a3d829-71d2-35dc-a902-8d75aa199c33,2030,1204.06
96a3d829-71d2-35dc-a902-8d75aa199c33,2031,1471.36
96a3d829-71d2-35dc-a902-8d75aa199c33,2032,1798.0
96a3d829-71d2-35dc-a902-8d75aa199c33,2033,2197.15
96a3d829-71d2-35dc-a902-8d75aa199c33,2034,2684.92
982676c4-5ea7-305b-8fa4-34ab2f73ec2c,2024,361.59
982676c4-5ea7-305b-8fa4-34ab2f73ec2c,2025,441.87
982676c4-5ea7-305b-8fa4-34ab2f73ec2c,2026,539.96
982676c4-5ea7-305b-8fa4-34ab2f73ec2c,2027,659.83
982676c4-5ea7-305b-8fa4-34ab2f73ec2c,2028,806.31
982676c4-5ea7-305b-8fa4-34ab2f73ec2c,2029,985.32
982676c4-5ea7-305b-8fa4-34ab2f73ec2c,2030,1204.06
982676c4-5ea7-305b-8fa4-34ab2f73ec2c,2031,1471.36
982676c4-5ea7-305b-8fa4-34ab2f73ec2c,2032,1798.0
982676c4-5ea7-305b-8fa4-34ab2f73ec2c,2033,2197.15
982676c4-5ea7-305b-8fa4-34ab2f73ec2c,2034,2684.92
99c9a74e-a344-3477-86da-0cbbb5200407,2024,361.59
99c9a74e-a344-3477-86da-0cbbb5200407,2025,441.87
99c9a74e-a344-3477-86da-0cbbb5200407,2026,539.96
99c9a74e-a344-3477-86da-0cbbb5200407,2027,659.83
99c9a74e-a344-3477-86da-0cbbb5200407,2028,806.31
99c9a74e-a344-3477-86da-0cbbb5200407,2029,985.32
99c9a74e-a344-3477-86da-0cbbb5200407,2030,1204.06
99c9a74e-a344-3477-86da-0cbbb5200407,2031,1471.36
99c9a74e-a344-3477-86da-0cbbb5200407,2032,1798.0
99c9a74e-a344-3477-86da-0cbbb5200407,2033,2197.15
99c9a74e-a344-3477-86da-0cbbb5200407,2034,2684.92
99de67f3-1444-3b0b-b64e-cf4001ace437,2024,361.59
99de67f3-1444-3b0b-b64e-cf4001ace437,2025,441.87
99de67f3-1444-3b0b-b64e-cf4001ace437,2026,539.96
99de67f3-1444-3b0b-b64e-cf4001ace437,2027,659.83
99de67f3-1444-3b0b-b64e-cf4001ace437,2028,806.31
99de67f3-1444-3b0b-b64e-cf4001ace437,2029,985.32
99de67f3-1444-3b0b-b64e-cf4001ace437,2030,1204.06
99de67f3-1444-3b0b-b64e-cf4001ace437,2031,1471.36
99de67f3-1444-3b0b-b64e-cf4001ace437,2032,1798.0
99de67f3-1444-3b0b-b64e-cf4001ace437,2033,2197.15
99de67f3-1444-3b0b-b64e-cf4001ace437,2034,2684.92
9aa14863-5a88-3029-8575-b9af1e413cf9,2024,361.59
9aa14863-5a88-3029-8575-b9af1e413cf9,2025,441.87
9aa14863-5a88-3029-8575-b9af1e413cf9,2026,539.96
9aa14863-5a88-3029-8575-b9af1e413cf9,2027,659.83
9aa14863-5a88-3029-8575-b9af1e413cf9,2028,806.31
9aa14863-5a88-3029-8575-b9af1e413cf9,2029,985.32
9aa14863-5a88-3029-8575-b9af1e413cf9,2030,1204.06
9aa14863-5a88-3029-8575-b9af1e413cf9,2031,1471.36
9aa14863-5a88-3029-8575-b9af1e413cf9,2032,1798.0
9aa14863-5a88-3029-8575-b9af1e413cf9,2033,2197.15
9aa14863-5a88-3029-8575-b9af1e413cf9,2034,2684.92
9c455aa2-bd27-342a-b91c-b3b00a70ed95,2024,361.59
9c455aa2-bd27-342a-b91c-b3b00a70ed95,2025,441.87
9c455aa2-bd27-342a-b91c-b3b00a70ed95,2026,539.96
9c455aa2-bd27-342a-b91c-b3b00a70ed95,2027,659.83
9c455aa2-bd27-342a-b91c-b3b00a70ed95,2028,806.31
9c455aa2-bd27-342a-b91c-b3b00a70ed95,2029,985.32
9c455aa2-bd27-342a-b91c-b3b00a70ed95,2030,1204.06
9c455aa2-bd27-342a-b91c-b3b00a70ed95,2031,1471.36
9c455aa2-bd27-342a-b91c-b3b00a70ed95,2032,1798.0
9c455aa2-bd27-342a-b91c-b3b00a70ed95,2033,2197.15
9c455aa2-bd27-342a-b91c-b3b00a70ed95,2034,2684.92
9f1cf600-616b-334c-92a1-3a9abff2c42b,2024,361.59
9f1cf600-616b-334c-92a1-3a9abff2c42b,2025,441.87
9f1cf600-616b-334c-92a1-3a9abff2c42b,2026,539.96
9f1cf600-616b-334c-92a1-3a9abff2c42b,2027,659.83
9f1cf600-616b-334c-92a1-3a9abff2c42b,2028,806.31
9f1cf600-616b-334c-92a1-3a9abff2c42b,2029,985.32
9f1cf600-616b-334c-92a1-3a9abff2c42b,2030,1204.06
9f1cf600-616b-334c-92a1-3a9abff2c42b,2031,1471.36
9f1cf600-616b-334c-92a1-3a9abff2c42b,2032,1798.0
9f1cf600-616b-334c-92a1-3a9abff2c42b,2033,2197.15
9f1cf600-616b-334c-92a1-3a9abff2c42b,2034,2684.92
a10148e1-389c-365a-aaf0-ea66c27fbde0,2024,361.59
a10148e1-389c-365a-aaf0-ea66c27fbde0,2025,441.87
a10148e1-389c-365a-aaf0-ea66c27fbde0,2026,539.96
a10148e1-389c-365a-aaf0-ea66c27fbde0,2027,659.83
a10148e1-389c-365a-aaf0-ea66c27fbde0,2028,806.31
a10148e1-389c-365a-aaf0-ea66c27fbde0,2029,985.32
a10148e1-389c-365a-aaf0-ea66c27fbde0,2030,1204.06
a10148e1-389c-365a-aaf0-ea66c27fbde0,2031,1471.36
a10148e1-389c-365a-aaf0-ea66c27fbde0,2032,1798.0
a10148e1-389c-365a-aaf0-ea66c27fbde0,2033,2197.15
a10148e1-389c-365a-aaf0-ea66c27fbde0,2034,2684.92
a3fbb241-654c-3347-a3e4-bb8a00e297a6,2024,361.59
a3fbb241-654c-3347-a3e4-bb8a00e297a6,2025,441.87
a3fbb241-654c-3347-a3e4-bb8a00e297a6,2026,539.96
a3fbb241-654c-3347-a3e4-bb8a00e297a6,2027,659.83
a3fbb241-654c-3347-a3e4-bb8a00e297a6,2028,806.31
a3fbb241-654c-3347-a3e4-bb8a00e297a6,2029,985.32
a3fbb241-654c-3347-a3e4-bb8a00e297a6,2030,1204.06
a3fbb241-654c-3347-a3e4-bb8a00e297a6,2031,1471.36
a3fbb241-654c-3347-a3e4-bb8a00e297a6,2032,1798.0
a3fbb241-654c-3347-a3e4-bb8a00e297a6,2033,2197.15
a3fbb241-654c-3347-a3e4-bb8a00e297a6,2034,2684.92
a41c37f8-0e3a-3fbb-b550-6fe9e6a854f8,2024,361.59
a41c37f8-0e3a-3fbb-b550-6fe9e6a854f8,2025,441.87
a41c37f8-0e3a-3fbb-b550-6fe9e6a854f8,2026,539.96
a41c37f8-0e3a-3fbb-b550-6fe9e6a854f8,2027,659.83
a41c37f8-0e3a-3fbb-b550-6fe9e6a854f8,2028,806.31
a41c37f8-0e3a-3fbb-b550-6fe9e6a854f8,2029,985.32
a41c37f8-0e3a-3fbb-b550-6fe9e6a854f8,2030,1204.06
a41c37f8-0e3a-3fbb-b550-6fe9e6a854f8,2031,1471.36
a41c37f8-0e3a-3fbb-b550-6fe9e6a854f8,2032,1798.0
a41c37f8-0e3a-3fbb-b550-6fe9e6a854f8,2033,2197.15
a41c37f8-0e3a-3fbb-b550-6fe9e6a854f8,2034,2684.92
a4836ec2-fa65-393d-b097-f2b4f6bb1c0f,2024,361.59
a4836ec2-fa65-393d-b097-f2b4f6bb1c0f,2025,441.87
a4836ec2-fa65-393d-b097-f2b4f6bb1c0f,2026,539.96
a4836ec2-fa65-393d-b097-f2b4f6bb1c0f,2027,659.83
a4836ec2-fa65-393d-b097-f2b4f6bb1c0f,2028,806.31
a4836ec2-fa65-393d-b097-f2b4f6bb1c0f,2029,985.32
a4836ec2-fa65-393d-b097-f2b4f6bb1c0f,2030,1204.06
a4836ec2-fa65-393d-b097-f2b4f6bb1c0f,2031,1471.36
a4836ec2-fa65-393d-b097-f2b4f6bb1c0f,2032,1798.0
a4836ec2-fa65-393d-b097-f2b4f6bb1c0f,2033,2197.15
a4836ec2-fa65-393d-b097-f2b4f6bb1c0f,2034,2684.92
a7014214-852a-37ae-a8ef-92efa94686d3,2024,361.59
a7014214-852a-37ae-a8ef-92efa94686d3,2025,441.87
a7014214-852a-37ae-a8ef-92efa94686d3,2026,539.96
a7014214-852a-37ae-a8ef-92efa94686d3,2027,659.83
a7014214-852a-37ae-a8ef-92efa94686d3,2028,806.31
a7014214-852a-37ae-a8ef-92efa94686d3,2029,985.32
a7014214-852a-37ae-a8ef-92efa94686d3,2030,1204.06
a7014214-852a-37ae-a8ef-92efa94686d3,2031,1471.36
a7014214-852a-37ae-a8ef-92efa94686d3,2032,1798.0
a7014214-852a-37ae-a8ef-92efa94686d3,2033,2197.15
a7014214-852a-37ae-a8ef-92efa94686d3,2034,2684.92
abfbdf5a-affe-3605-a8e1-35b3cf9cc86c,2024,361.59
abfbdf5a-affe-3605-a8e1-35b3cf9cc86c,2025,441.87
abfbdf5a-affe-3605-a8e1-35b3cf9cc86c,2026,539.96
abfbdf5a-affe-3605-a8e1-35b3cf9cc86c,2027,659.83
abfbdf5a-affe-3605-a8e1-35b3cf9cc86c,2028,806.31
abfbdf5a-affe-3605-a8e1-35b3cf9cc86c,2029,985.32
abfbdf5a-affe-3605-a8e1-35b3cf9cc86c,2030,1204.06
abfbdf5a-affe-3605-a8e1-35b3cf9cc86c,2031,1471.36
abfbdf5a-affe-3605-a8e1-35b3cf9cc86c,2032,1798.0
abfbdf5a-affe-3605-a8e1-35b3cf9cc86c,2033,2197.15
abfbdf5a-affe-3605-a8e1-35b3cf9cc86c,2034,2684.92
ac832f8a-228b-3c57-91a4-96ce589e949a,2024,361.59
ac832f8a-228b-3c57-91a4-96ce589e949a,2025,441.87
ac832f8a-228b-3c57-91a4-96ce589e949a,2026,539.96
ac832f8a-228b-3c57-91a4-96ce589e949a,2027,659.83
ac832f8a-228b-3c57-91a4-96ce589e949a,2028,806.31
ac832f8a-228b-3c57-91a4-96ce589e949a,2029,985.32
ac832f8a-228b-3c57-91a4-96ce589e949a,2030,1204.06
ac832f8a-228b-3c57-91a4-96ce589e949a,2031,1471.36
ac832f8a-228b-3c57-91a4-96ce589e949a,2032,1798.0
ac832f8a-228b-3c57-91a4-96ce589e949a,2033,2197.15
ac832f8a-228b-3c57-91a4-96ce589e949a,2034,2684.92
b04ca667-e3d3-3dad-9846-14b4d1c1eb8d,2024,361.59
b04ca667-e3d3-3dad-9846-14b4d1c1eb8d,2025,441.87
b04ca667-e3d3-3dad-9846-14b4d1c1eb8d,2026,539.96
b04ca667-e3d3-3dad-9846-14b4d1c1eb8d,2027,659.83
b04ca667-e3d3-3dad-9846-14b4d1c1eb8d,2028,806.31
b04ca667-e3d3-3dad-9846-14b4d1c1eb8d,2029,985.32
b04ca667-e3d3-3dad-9846-14b4d1c1eb8d,2030,1204.06
b04ca667-e3d3-3dad-9846-14b4d1c1eb8d,2031,1471.36
b04ca667-e3d3-3dad-9846-14b4d1c1eb8d,2032,1798.0
b04ca667-e3d3-3dad-9846-14b4d1c1eb8d,2033,2197.15
b04ca667-e3d3-3dad-9846-14b4d1c1eb8d,2034,2684.92
b0d5d920-a523-3c36-9d92-6fb4121a5ad1,2024,361.59
b0d5d920-a523-3c36-9d92-6fb4121a5ad1,2025,441.87
b0d5d920-a523-3c36-9d92-6fb4121a5ad1,2026,539.96
b0d5d920-a523-3c36-9d92-6fb4121a5ad1,2027,659.83
b0d5d920-a523-3c36-9d92-6fb4121a5ad1,2028,806.31
b0d5d920-a523-3c36-9d92-6fb4121a5ad1,2029,985.32
b0d5d920-a523-3c36-9d92-6fb4121a5ad1,2030,1204.06
b0d5d920-a523-3c36-9d92-6fb4121a5ad1,2031,1471.36
b0d5d920-a523-3c36-9d92-6fb4121a5ad1,2032,1798.0
b0d5d920-a523-3c36-9d92-6fb4121a5ad1,2033,2197.15
b0d5d920-a523-3c36-9d92-6fb4121a5ad1,2034,2684.92
b1cfafc4-5d16-3590-8d3c-5830eb30d308,2024,361.59
b1cfafc4-5d16-3590-8d3c-5830eb30d308,2025,441.87
b1cfafc4-5d16-3590-8d3c-5830eb30d308,2026,539.96
b1cfafc4-5d16-3590-8d3c-5830eb30d308,2027,659.83
b1cfafc4-5d16-3590-8d3c-5830eb30d308,2028,806.31
b1cfafc4-5d16-3590-8d3c-5830eb30d308,2029,985.32
b1cfafc4-5d16-3590-8d3c-5830eb30d308,2030,1204.06
b1cfafc4-5d16-3590-8d3c-5830eb30d308,2031,1471.36
b1cfafc4-5d16-3590-8d3c-5830eb30d308,2032,1798.0
b1cfafc4-5d16-3590-8d3c-5830eb30d308,2033,2197.15
b1cfafc4-5d16-3590-8d3c-5830eb30d308,2034,2684.92
b1ee23c8-da57-3515-8104-3a38982cb203,2024,361.59
b1ee23c8-da57-3515-8104-3a38982cb203,2025,441.87
b1ee23c8-da57-3515-8104-3a38982cb203,2026,539.96
b1ee23c8-da57-3515-8104-3a38982cb203,2027,659.83
b1ee23c8-da57-3515-8104-3a38982cb203,2028,806.31
b1ee23c8-da57-3515-8104-3a38982cb203,2029,985.32
b1ee23c8-da57-3515-8104-3a38982cb203,2030,1204.06
b1ee23c8-da57-3515-8104-3a38982cb203,2031,1471.36
b1ee23c8-da57-3515-8104-3a38982cb203,2032,1798.0
b1ee23c8-da57-3515-8104-3a38982cb203,2033,2197.15
b1ee23c8-da57-3515-8104-3a38982cb203,2034,2684.92
b2042d94-5e99-3880-ad4e-0b15f387919f,2024,361.59
b2042d94-5e99-3880-ad4e-0b15f387919f,2025,441.87
b2042d94-5e99-3880-ad4e-0b15f387919f,2026,539.96
b2042d94-5e99-3880-ad4e-0b15f387919f,2027,659.83
b2042d94-5e99-3880-ad4e-0b15f387919f,2028,806.31
b2042d94-5e99-3880-ad4e-0b15f387919f,2029,985.32
b2042d94-5e99-3880-ad4e-0b15f387919f,2030,1204.06
b2042d94-5e99-3880-ad4e-0b15f387919f,2031,1471.36
b2042d94-5e99-3880-ad4e-0b15f387919f,2032,1798.0
b2042d94-5e99-3880-ad4e-0b15f387919f,2033,2197.15
b2042d94-5e99-3880-ad4e-0b15f387919f,2034,2684.92
b43717a0-8800-3c5e-bd93-c8a39625acbe,2024,361.59
b43717a0-8800-3c5e-bd93-c8a39625acbe,2025,441.87
b43717a0-8800-3c5e-bd93-c8a39625acbe,2026,539.96
b43717a0-8800-3c5e-bd93-c8a39625acbe,2027,659.83
b43717a0-8800-3c5e-bd93-c8a39625acbe,2028,806.31
b43717a0-8800-3c5e-bd93-c8a39625acbe,2029,985.32
b43717a0-8800-3c5e-bd93-c8a39625acbe,2030,1204.06
b43717a0-8800-3c5e-bd93-c8a39625acbe,2031,1471.36
b43717a0-8800-3c5e-bd93-c8a39625acbe,2032,1798.0
b43717a0-8800-3c5e-bd93-c8a39625acbe,2033,2197.15
b43717a0-8800-3c5e-bd93-c8a39625acbe,2034,2684.92
b64f62d9-5ee8-318b-aa6d-291c9f16098c,2024,361.59
b64f62d9-5ee8-318b-aa6d-291c9f16098c,2025,441.87
b64f62d9-5ee8-318b-aa6d-291c9f16098c,2026,539.96
b64f62d9-5ee8-318b-aa6d-291c9f16098c,2027,659.83
b64f62d9-5ee8-318b-aa6d-291c9f16098c,2028,806.31
b64f62d9-5ee8-318b-aa6d-291c9f16098c,2029,985.32
b64f62d9-5ee8-318b-aa6d-291c9f16098c,2030,1204.06
b64f62d9-5ee8-318b-aa6d-291c9f16098c,2031,1471.36
b64f62d9-5ee8-318b-aa6d-291c9f16098c,2032,1798.0
b64f62d9-5ee8-318b-aa6d-291c9f16098c,2033,2197.15
b64f62d9-5ee8-318b-aa6d-291c9f16098c,2034,2684.92
b66410f0-a2f3-3067-972c-552449992ce7,2024,361.59
b66410f0-a2f3-3067-972c-552449992ce7,2025,441.87
b66410f0-a2f3-3067-972c-552449992ce7,2026,539.96
b66410f0-a2f3-3067-972c-552449992ce7,2027,659.83
b66410f0-a2f3-3067-972c-552449992ce7,2028,806.31
b66410f0-a2f3-3067-972c-552449992ce7,2029,985.32
b66410f0-a2f3-3067-972c-552449992ce7,2030,1204.06
b66410f0-a2f3-3067-972c-552449992ce7,2031,1471.36
b66410f0-a2f3-3067-972c-552449992ce7,2032,1798.0
b66410f0-a2f3-3067-972c-552449992ce7,2033,2197.15
b66410f0-a2f3-3067-972c-552449992ce7,2034,2684.92
bd729679-d5c3-38e6-b7b8-2bc6fe90744f,2024,361.59
bd729679-d5c3-38e6-b7b8-2bc6fe90744f,2025,441.87
bd729679-d5c3-38e6-b7b8-2bc6fe90744f,2026,539.96
bd729679-d5c3-38e6-b7b8-2bc6fe90744f,2027,659.83
bd729679-d5c3-38e6-b7b8-2bc6fe90744f,2028,806.31
bd729679-d5c3-38e6-b7b8-2bc6fe90744f,2029,985.32
bd729679-d5c3-38e6-b7b8-2bc6fe90744f,2030,1204.06
bd729679-d5c3-38e6-b7b8-2bc6fe90744f,2031,1471.36
bd729679-d5c3-38e6-b7b8-2bc6fe90744f,2032,1798.0
bd729679-d5c3-38e6-b7b8-2bc6fe90744f,2033,2197.15
bd729679-d5c3-38e6-b7b8-2bc6fe90744f,2034,2684.92
be620e71-30db-3bee-91ed-941686e17a36,2024,361.59
be620e71-30db-3bee-91ed-941686e17a36,2025,441.87
be620e71-30db-3bee-91ed-941686e17a36,2026,539.96
be620e71-30db-3bee-91ed-941686e17a36,2027,659.83
be620e71-30db-3bee-91ed-941686e17a36,2028,806.31
be620e71-30db-3bee-91ed-941686e17a36,2029,985.32
be620e71-30db-3bee-91ed-941686e17a36,2030,1204.06
be620e71-30db-3bee-91ed-941686e17a36,2031,1471.36
be620e71-30db-3bee-91ed-941686e17a36,2032,1798.0
be620e71-30db-3bee-91ed-941686e17a36,2033,2197.15
be620e71-30db-3bee-91ed-941686e17a36,2034,2684.92
c90e94fb-005f-3322-ae8e-e8d2b119e64f,2024,361.59
c90e94fb-005f-3322-ae8e-e8d2b119e64f,2025,441.87
c90e94fb-005f-3322-ae8e-e8d2b119e64f,2026,539.96
c90e94fb-005f-3322-ae8e-e8d2b119e64f,2027,659.83
c90e94fb-005f-3322-ae8e-e8d2b119e64f,2028,806.31
c90e94fb-005f-3322-ae8e-e8d2b119e64f,2029,985.32
c90e94fb-005f-3322-ae8e-e8d2b119e64f,2030,1204.06
c90e94fb-005f-3322-ae8e-e8d2b119e64f,2031,1471.36
c90e94fb-005f-3322-ae8e-e8d2b119e64f,2032,1798.0
c90e94fb-005f-3322-ae8e-e8d2b119e64f,2033,2197.15
c90e94fb-005f-3322-ae8e-e8d2b119e64f,2034,2684.92
cc859995-a764-3f63-a472-afa13965eebf,2024,361.59
cc859995-a764-3f63-a472-afa13965eebf,2025,441.87
cc859995-a764-3f63-a472-afa13965eebf,2026,539.96
cc859995-a764-3f63-a472-afa13965eebf,2027,659.83
cc859995-a764-3f63-a472-afa13965eebf,2028,806.31
cc859995-a764-3f63-a472-afa13965eebf,2029,985.32
cc859995-a764-3f63-a472-afa13965eebf,2030,1204.06
cc859995-a764-3f63-a472-afa13965eebf,2031,1471.36
cc859995-a764-3f63-a472-afa13965eebf,2032,1798.0
cc859995-a764-3f63-a472-afa13965eebf,2033,2197.15
cc859995-a764-3f63-a472-afa13965eebf,2034,2684.92
d2f05728-9665-324a-994d-1f35dd85aa82,2024,361.59
d2f05728-9665-324a-994d-1f35dd85aa82,2025,441.87
d2f05728-9665-324a-994d-1f35dd85aa82,2026,539.96
d2f05728-9665-324a-994d-1f35dd85aa82,2027,659.83
d2f05728-9665-324a-994d-1f35dd85aa82,2028,806.31
d2f05728-9665-324a-994d-1f35dd85aa82,2029,985.32
d2f05728-9665-324a-994d-1f35dd85aa82,2030,1204.06
d2f05728-9665-324a-994d-1f35dd85aa82,2031,1471.36
d2f05728-9665-324a-994d-1f35dd85aa82,2032,1798.0
d2f05728-9665-324a-994d-1f35dd85aa82,2033,2197.15
d2f05728-9665-324a-994d-1f35dd85aa82,2034,2684.92
d508a196-227b-3e67-950e-931772b86d23,2024,361.59
d508a196-227b-3e67-950e-931772b86d23,2025,441.87
d508a196-227b-3e67-950e-931772b86d23,2026,539.96
d508a196-227b-3e67-950e-931772b86d23,2027,659.83
d508a196-227b-3e67-950e-931772b86d23,2028,806.31
d508a196-227b-3e67-950e-931772b86d23,2029,985.32
d508a196-227b-3e67-950e-931772b86d23,2030,1204.06
d508a196-227b-3e67-950e-931772b86d23,2031,1471.36
d508a196-227b-3e67-950e-931772b86d23,2032,1798.0
d508a196-227b-3e67-950e-931772b86d23,2033,2197.15
d508a196-227b-3e67-950e-931772b86d23,2034,2684.92
d554a25a-5494-3fbb-a0d3-63bb9da884a2,2024,361.59
d554a25a-5494-3fbb-a0d3-63bb9da884a2,2025,441.87
d554a25a-5494-3fbb-a0d3-63bb9da884a2,2026,539.96
d554a25a-5494-3fbb-a0d3-63bb9da884a2,2027,659.83
d554a25a-5494-3fbb-a0d3-63bb9da884a2,2028,806.31
d554a25a-5494-3fbb-a0d3-63bb9da884a2,2029,985.32
d554a25a-5494-3fbb-a0d3-63bb9da884a2,2030,1204.06
d554a25a-5494-3fbb-a0d3-63bb9da884a2,2031,1471.36
d554a25a-5494-3fbb-a0d3-63bb9da884a2,2032,1798.0
d554a25a-5494-3fbb-a0d3-63bb9da884a2,2033,2197.15
d554a25a-5494-3fbb-a0d3-63bb9da884a2,2034,2684.92
d6d114f9-c6a9-37dd-8763-9866f6e61b14,2024,361.59
d6d114f9-c6a9-37dd-8763-9866f6e61b14,2025,441.87
d6d114f9-c6a9-37dd-8763-9866f6e61b14,2026,539.96
d6d114f9-c6a9-37dd-8763-9866f6e61b14,2027,659.83
d6d114f9-c6a9-37dd-8763-9866f6e61b14,2028,806.31
d6d114f9-c6a9-37dd-8763-9866f6e61b14,2029,985.32
d6d114f9-c6a9-37dd-8763-9866f6e61b14,2030,1204.06
d6d114f9-c6a9-37dd-8763-9866f6e61b14,2031,1471.36
d6d114f9-c6a9-37dd-8763-9866f6e61b14,2032,1798.0
d6d114f9-c6a9-37dd-8763-9866f6e61b14,2033,2197.15
d6d114f9-c6a9-37dd-8763-9866f6e61b14,2034,2684.92
dafad665-5346-302f-9987-5c325a587437,2024,361.59
dafad665-5346-302f-9987-5c325a587437,2025,441.87
dafad665-5346-302f-9987-5c325a587437,2026,539.96
dafad665-5346-302f-9987-5c325a587437,2027,659.83
dafad665-5346-302f-9987-5c325a587437,2028,806.31
dafad665-5346-302f-9987-5c325a587437,2029,985.32
dafad665-5346-302f-9987-5c325a587437,2030,1204.06
dafad665-5346-302f-9987-5c325a587437,2031,1471.36
dafad665-5346-302f-9987-5c325a587437,2032,1798.0
dafad665-5346-302f-9987-5c325a587437,2033,2197.15
dafad665-5346-302f-9987-5c325a587437,2034,2684.92
dc031699-b6b2-3deb-9f6c-b208ea2ece1d,2024,361.59
dc031699-b6b2-3deb-9f6c-b208ea2ece1d,2025,441.87
dc031699-b6b2-3deb-9f6c-b208ea2ece1d,2026,539.96
dc031699-b6b2-3deb-9f6c-b208ea2ece1d,2027,659.83
dc031699-b6b2-3deb-9f6c-b208ea2ece1d,2028,806.31
dc031699-b6b2-3deb-9f6c-b208ea2ece1d,2029,985.32
dc031699-b6b2-3deb-9f6c-b208ea2ece1d,2030,1204.06
dc031699-b6b2-3deb-9f6c-b208ea2ece1d,2031,1471.36
dc031699-b6b2-3deb-9f6c-b208ea2ece1d,2032,1798.0
dc031699-b6b2-3deb-9f6c-b208ea2ece1d,2033,2197.15
dc031699-b6b2-3deb-9f6c-b208ea2ece1d,2034,2684.92
dc5c1e14-0e36-3fa0-bd98-f81e2d1a27b1,2024,361.59
dc5c1e14-0e36-3fa0-bd98-f81e2d1a27b1,2025,441.87
dc5c1e14-0e36-3fa0-bd98-f81e2d1a27b1,2026,539.96
dc5c1e14-0e36-3fa0-bd98-f81e2d1a27b1,2027,659.83
dc5c1e14-0e36-3fa0-bd98-f81e2d1a27b1,2028,806.31
dc5c1e14-0e36-3fa0-bd98-f81e2d1a27b1,2029,985.32
dc5c1e14-0e36-3fa0-bd98-f81e2d1a27b1,2030,1204.06
dc5c1e14-0e36-3fa0-bd98-f81e2d1a27b1,2031,1471.36
dc5c1e14-0e36-3fa0-bd98-f81e2d1a27b1,2032,1798.0
dc5c1e14-0e36-3fa0-bd98-f81e2d1a27b1,2033,2197.15
dc5c1e14-0e36-3fa0-bd98-f81e2d1a27b1,2034,2684.92
dd3a0547-3572-3ab2-beed-efbeb968a937,2024,361.59
dd3a0547-3572-3ab2-beed-efbeb968a937,2025,441.87
dd3a0547-3572-3ab2-beed-efbeb968a937,2026,539.96
dd3a0547-3572-3ab2-beed-efbeb968a937,2027,659.83
dd3a0547-3572-3ab2-beed-efbeb968a937,2028,806.31
dd3a0547-3572-3ab2-beed-efbeb968a937,2029,985.32
dd3a0547-3572-3ab2-beed-efbeb968a937,2030,1204.06
dd3a0547-3572-3ab2-beed-efbeb968a937,2031,1471.36
dd3a0547-3572-3ab2-beed-efbeb968a937,2032,1798.0
dd3a0547-3572-3ab2-beed-efbeb968a937,2033,2197.15
dd3a0547-3572-3ab2-beed-efbeb968a937,2034,2684.92
df8c696a-a202-314f-83e5-8ff02f79fd0c,2024,361.59
df8c696a-a202-314f-83e5-8ff02f79fd0c,2025,441.87
df8c696a-a202-314f-83e5-8ff02f79fd0c,2026,539.96
df8c696a-a202-314f-83e5-8ff02f79fd0c,2027,659.83
df8c696a-a202-314f-83e5-8ff02f79fd0c,2028,806.31
df8c696a-a202-314f-83e5-8ff02f79fd0c,2029,985.32
df8c696a-a202-314f-83e5-8ff02f79fd0c,2030,1204.06
df8c696a-a202-314f-83e5-8ff02f79fd0c,2031,1471.36
df8c696a-a202-314f-83e5-8ff02f79fd0c,2032,1798.0
df8c696a-a202-314f-83e5-8ff02f79fd0c,2033,2197.15
df8c696a-a202-314f-83e5-8ff02f79fd0c,2034,2684.92
e151e737-82d9-39ef-a7f5-d729af18e911,2024,361.59
e151e737-82d9-39ef-a7f5-d729af18e911,2025,441.87
e151e737-82d9-39ef-a7f5-d729af18e911,2026,539.96
e151e737-82d9-39ef-a7f5-d729af18e911,2027,659.83
e151e737-82d9-39ef-a7f5-d729af18e911,2028,806.31
e151e737-82d9-39ef-a7f5-d729af18e911,2029,985.32
e151e737-82d9-39ef-a7f5-d729af18e911,2030,1204.06
e151e737-82d9-39ef-a7f5-d729af18e911,2031,1471.36
e151e737-82d9-39ef-a7f5-d729af18e911,2032,1798.0
e151e737-82d9-39ef-a7f5-d729af18e911,2033,2197.15
e151e737-82d9-39ef-a7f5-d729af18e911,2034,2684.92
e3701449-b099-3c20-bbb5-fbf0ff80dee6,2024,361.59
e3701449-b099-3c20-bbb5-fbf0ff80dee6,2025,441.87
e3701449-b099-3c20-bbb5-fbf0ff80dee6,2026,539.96
e3701449-b099-3c20-bbb5-fbf0ff80dee6,2027,659.83
e3701449-b099-3c20-bbb5-fbf0ff80dee6,2028,806.31
e3701449-b099-3c20-bbb5-fbf0ff80dee6,2029,985.32
e3701449-b099-3c20-bbb5-fbf0ff80dee6,2030,1204.06
e3701449-b099-3c20-bbb5-fbf0ff80dee6,2031,1471.36
e3701449-b099-3c20-bbb5-fbf0ff80dee6,2032,1798.0
e3701449-b099-3c20-bbb5-fbf0ff80dee6,2033,2197.15
e3701449-b099-3c20-bbb5-fbf0ff80dee6,2034,2684.92
e3b7e67d-25c2-3573-90ef-15bccec7191e,2024,361.59
e3b7e67d-25c2-3573-90ef-15bccec7191e,2025,441.87
e3b7e67d-25c2-3573-90ef-15bccec7191e,2026,539.96
e3b7e67d-25c2-3573-90ef-15bccec7191e,2027,659.83
e3b7e67d-25c2-3573-90ef-15bccec7191e,2028,806.31
e3b7e67d-25c2-3573-90ef-15bccec7191e,2029,985.32
e3b7e67d-25c2-3573-90ef-15bccec7191e,2030,1204.06
e3b7e67d-25c2-3573-90ef-15bccec7191e,2031,1471.36
e3b7e67d-25c2-3573-90ef-15bccec7191e,2032,1798.0
e3b7e67d-25c2-3573-90ef-15bccec7191e,2033,2197.15
e3b7e67d-25c2-3573-90ef-15bccec7191e,2034,2684.92
e643f805-ffa0-3679-9f94-0134440e95fb,2024,361.59
e643f805-ffa0-3679-9f94-0134440e95fb,2025,441.87
e643f805-ffa0-3679-9f94-0134440e95fb,2026,539.96
e643f805-ffa0-3679-9f94-0134440e95fb,2027,659.83
e643f805-ffa0-3679-9f94-0134440e95fb,2028,806.31
e643f805-ffa0-3679-9f94-0134440e95fb,2029,985.32
e643f805-ffa0-3679-9f94-0134440e95fb,2030,1204.06
e643f805-ffa0-3679-9f94-0134440e95fb,2031,1471.36
e643f805-ffa0-3679-9f94-0134440e95fb,2032,1798.0
e643f805-ffa0-3679-9f94-0134440e95fb,2033,2197.15
e643f805-ffa0-3679-9f94-0134440e95fb,2034,2684.92
e68e919e-3f1d-371b-b4d1-a63cd7c94135,2024,361.59
e68e919e-3f1d-371b-b4d1-a63cd7c94135,2025,441.87
e68e919e-3f1d-371b-b4d1-a63cd7c94135,2026,539.96
e68e919e-3f1d-371b-b4d1-a63cd7c94135,2027,659.83
e68e919e-3f1d-371b-b4d1-a63cd7c94135,2028,806.31
e68e919e-3f1d-371b-b4d1-a63cd7c94135,2029,985.32
e68e919e-3f1d-371b-b4d1-a63cd7c94135,2030,1204.06
e68e919e-3f1d-371b-b4d1-a63cd7c94135,2031,1471.36
e68e919e-3f1d-371b-b4d1-a63cd7c94135,2032,1798.0
e68e919e-3f1d-371b-b4d1-a63cd7c94135,2033,2197.15
e68e919e-3f1d-371b-b4d1-a63cd7c94135,2034,2684.92
e75deff2-636e-3449-b8c4-6a72e17e6728,2024,361.59
e75deff2-636e-3449-b8c4-6a72e17e6728,2025,441.87
e75deff2-636e-3449-b8c4-6a72e17e6728,2026,539.96
e75deff2-636e-3449-b8c4-6a72e17e6728,2027,659.83
e75deff2-636e-3449-b8c4-6a72e17e6728,2028,806.31
e75deff2-636e-3449-b8c4-6a72e17e6728,2029,985.32
e75deff2-636e-3449-b8c4-6a72e17e6728,2030,1204.06
e75deff2-636e-3449-b8c4-6a72e17e6728,2031,1471.36
e75deff2-636e-3449-b8c4-6a72e17e6728,2032,1798.0
e75deff2-636e-3449-b8c4-6a72e17e6728,2033,2197.15
e75deff2-636e-3449-b8c4-6a72e17e6728,2034,2684.92
e9ec69dc-cf5f-3108-a808-e6e242db71ef,2024,361.59
e9ec69dc-cf5f-3108-a808-e6e242db71ef,2025,441.87
e9ec69dc-cf5f-3108-a808-e6e242db71ef,2026,539.96
e9ec69dc-cf5f-3108-a808-e6e242db71ef,2027,659.83
e9ec69dc-cf5f-3108-a808-e6e242db71ef,2028,806.31
e9ec69dc-cf5f-3108-a808-e6e242db71ef,2029,985.32
e9ec69dc-cf5f-3108-a808-e6e242db71ef,2030,1204.06
e9ec69dc-cf5f-3108-a808-e6e242db71ef,2031,1471.36
e9ec69dc-cf5f-3108-a808-e6e242db71ef,2032,1798.0
e9ec69dc-cf5f-3108-a808-e6e242db71ef,2033,2197.15
e9ec69dc-cf5f-3108-a808-e6e242db71ef,2034,2684.92
ecfec273-4516-36d0-816f-eb1fc97cb987,2024,361.59
ecfec273-4516-36d0-816f-eb1fc97cb987,2025,441.87
ecfec273-4516-36d0-816f-eb1fc97cb987,2026,539.96
ecfec273-4516-36d0-816f-eb1fc97cb987,2027,659.83
ecfec273-4516-36d0-816f-eb1fc97cb987,2028,806.31
ecfec273-4516-36d0-816f-eb1fc97cb987,2029,985.32
ecfec273-4516-36d0-816f-eb1fc97cb987,2030,1204.06
ecfec273-4516-36d0-816f-eb1fc97cb987,2031,1471.36
ecfec273-4516-36d0-816f-eb1fc97cb987,2032,1798.0
ecfec273-4516-36d0-816f-eb1fc97cb987,2033,2197.15
ecfec273-4516-36d0-816f-eb1fc97cb987,2034,2684.92
ed26f600-b72b-3d71-be81-853912ddf3af,2024,361.59
ed26f600-b72b-3d71-be81-853912ddf3af,2025,441.87
ed26f600-b72b-3d71-be81-853912ddf3af,2026,539.96
ed26f600-b72b-3d71-be81-853912ddf3af,2027,659.83
ed26f600-b72b-3d71-be81-853912ddf3af,2028,806.31
ed26f600-b72b-3d71-be81-853912ddf3af,2029,985.32
ed26f600-b72b-3d71-be81-853912ddf3af,2030,1204.06
ed26f600-b72b-3d71-be81-853912ddf3af,2031,1471.36
ed26f600-b72b-3d71-be81-853912ddf3af,2032,1798.0
ed26f600-b72b-3d71-be81-853912ddf3af,2033,2197.15
ed26f600-b72b-3d71-be81-853912ddf3af,2034,2684.92
f007dd8e-abb8-33d7-b706-ef2900a1e143,2024,361.59
f007dd8e-abb8-33d7-b706-ef2900a1e143,2025,441.87
f007dd8e-abb8-33d7-b706-ef2900a1e143,2026,539.96
f007dd8e-abb8-33d7-b706-ef2900a1e143,2027,659.83
f007dd8e-abb8-33d7-b706-ef2900a1e143,2028,806.31
f007dd8e-abb8-33d7-b706-ef2900a1e143,2029,985.32
f007dd8e-abb8-33d7-b706-ef2900a1e143,2030,1204.06
f007dd8e-abb8-33d7-b706-ef2900a1e143,2031,1471.36
f007dd8e-abb8-33d7-b706-ef2900a1e143,2032,1798.0
f007dd8e-abb8-33d7-b706-ef2900a1e143,2033,2197.15
f007dd8e-abb8-33d7-b706-ef2900a1e143,2034,2684.92
f3aacb75-fa0a-32f7-a313-15e0721fa4ce,2024,361.59
f3aacb75-fa0a-32f7-a313-15e0721fa4ce,2025,441.87
f3aacb75-fa0a-32f7-a313-15e0721fa4ce,2026,539.96
f3aacb75-fa0a-32f7-a313-15e0721fa4ce,2027,659.83
f3aacb75-fa0a-32f7-a313-15e0721fa4ce,2028,806.31
f3aacb75-fa0a-32f7-a313-15e0721fa4ce,2029,985.32
f3aacb75-fa0a-32f7-a313-15e0721fa4ce,2030,1204.06
f3aacb75-fa0a-32f7-a313-15e0721fa4ce,2031,1471.36
f3aacb75-fa0a-32f7-a313-15e0721fa4ce,2032,1798.0
f3aacb75-fa0a-32f7-a313-15e0721fa4ce,2033,2197.15
f3aacb75-fa0a-32f7-a313-15e0721fa4ce,2034,2684.92
f53adfbc-0436-329f-bb64-a4d5fd07f4dc,2024,361.59
f53adfbc-0436-329f-bb64-a4d5fd07f4dc,2025,441.87
f53adfbc-0436-329f-bb64-a4d5fd07f4dc,2026,539.96
f53adfbc-0436-329f-bb64-a4d5fd07f4dc,2027,659.83
f53adfbc-0436-329f-bb64-a4d5fd07f4dc,2028,806.31
f53adfbc-0436-329f-bb64-a4d5fd07f4dc,2029,985.32
f53adfbc-0436-329f-bb64-a4d5fd07f4dc,2030,1204.06
f53adfbc-0436-329f-bb64-a4d5fd07f4dc,2031,1471.36
f53adfbc-0436-329f-bb64-a4d5fd07f4dc,2032,1798.0
f53adfbc-0436-329f-bb64-a4d5fd07f4dc,2033,2197.15
f53adfbc-0436-329f-bb64-a4d5fd07f4dc,2034,2684.92
f6292e77-e255-3774-8cfb-59a55643ad05,2024,361.59
f6292e77-e255-3774-8cfb-59a55643ad05,2025,441.87
f6292e77-e255-3774-8cfb-59a55643ad05,2026,539.96
f6292e77-e255-3774-8cfb-59a55643ad05,2027,659.83
f6292e77-e255-3774-8cfb-59a55643ad05,2028,806.31
f6292e77-e255-3774-8cfb-59a55643ad05,2029,985.32
f6292e77-e255-3774-8cfb-59a55643ad05,2030,1204.06
f6292e77-e255-3774-8cfb-59a55643ad05,2031,1471.36
f6292e77-e255-3774-8cfb-59a55643ad05,2032,1798.0
f6292e77-e255-3774-8cfb-59a55643ad05,2033,2197.15
f6292e77-e255-3774-8cfb-59a55643ad05,2034,2684.92
f6a1770c-12a7-3134-9837-7ba90083a74e,2024,361.59
f6a1770c-12a7-3134-9837-7ba90083a74e,2025,441.87
f6a1770c-12a7-3134-9837-7ba90083a74e,2026,539.96
f6a1770c-12a7-3134-9837-7ba90083a74e,2027,659.83
f6a1770c-12a7-3134-9837-7ba90083a74e,2028,806.31
f6a1770c-12a7-3134-9837-7ba90083a74e,2029,985.32
f6a1770c-12a7-3134-9837-7ba90083a74e,2030,1204.06
f6a1770c-12a7-3134-9837-7ba90083a74e,2031,1471.36
f6a1770c-12a7-3134-9837-7ba90083a74e,2032,1798.0
f6a1770c-12a7-3134-9837-7ba90083a74e,2033,2197.15
f6a1770c-12a7-3134-9837-7ba90083a74e,2034,2684.92
f7cd706e-cf7f-320d-b1a9-7532c639b6f9,2024,361.59
f7cd706e-cf7f-320d-b1a9-7532c639b6f9,2025,441.87
f7cd706e-cf7f-320d-b1a9-7532c639b6f9,2026,539.96
f7cd706e-cf7f-320d-b1a9-7532c639b6f9,2027,659.83
f7cd706e-cf7f-320d-b1a9-7532c639b6f9,2028,806.31
f7cd706e-cf7f-320d-b1a9-7532c639b6f9,2029,985.32
f7cd706e-cf7f-320d-b1a9-7532c639b6f9,2030,1204.06
f7cd706e-cf7f-320d-b1a9-7532c639b6f9,2031,1471.36
f7cd706e-cf7f-320d-b1a9-7532c639b6f9,2032,1798.0
f7cd706e-cf7f-320d-b1a9-7532c639b6f9,2033,2197.15
f7cd706e-cf7f-320d-b1a9-7532c639b6f9,2034,2684.92
f9bfd766-f5d4-3bb1-bad6-c75d01cc93b9,2024,361.59
f9bfd766-f5d4-3bb1-bad6-c75d01cc93b9,2025,441.87
f9bfd766-f5d4-3bb1-bad6-c75d01cc93b9,2026,539.96
f9bfd766-f5d4-3bb1-bad6-c75d01cc93b9,2027,659.83
f9bfd766-f5d4-3bb1-bad6-c75d01cc93b9,2028,806.31
f9bfd766-f5d4-3bb1-bad6-c75d01cc93b9,2029,985.32
f9bfd766-f5d4-3bb1-bad6-c75d01cc93b9,2030,1204.06
f9bfd766-f5d4-3bb1-bad6-c75d01cc93b9,2031,1471.36
f9bfd766-f5d4-3bb1-bad6-c75d01cc93b9,2032,1798.0
f9bfd766-f5d4-3bb1-bad6-c75d01cc93b9,2033,2197.15
f9bfd766-f5d4-3bb1-bad6-c75d01cc93b9,2034,2684.92
